USER_ID,USERNAME,EMAIL,PASSWORD
1,anthony93,bbowen@example.org,ef92b778bafe771e89245b89ecbc08a44a4e166c06659911881f383d4473e94f
2,hortondennis,staceyharris@example.net,ef92b778bafe771e89245b89ecbc08a44a4e166c06659911881f383d4473e94f
3,cookjanet,zcase@example.org,ef92b778bafe771e89245b89ecbc08a44a4e166c06659911881f383d4473e94f
4,nicole36,lori22@example.org,ef92b778bafe771e89245b89ecbc08a44a4e166c06659911881f383d4473e94f
5,montgomerydustin,stephensbrianna@example.net,ef92b778bafe771e89245b89ecbc08a44a4e166c06659911881f383d4473e94f
6,jamessimmons,jthomas@example.org,ef92b778bafe771e89245b89ecbc08a44a4e166c06659911881f383d4473e94f
7,meyerrichard,hannahzimmerman@example.net,ef92b778bafe771e89245b89ecbc08a44a4e166c06659911881f383d4473e94f
8,kristin25,mccormickdavid@example.org,ef92b778bafe771e89245b89ecbc08a44a4e166c06659911881f383d4473e94f
9,patrick44,allensmith@example.com,ef92b778bafe771e89245b89ecbc08a44a4e166c06659911881f383d4473e94f
10,xbrooks,rmartin@example.org,ef92b778bafe771e89245b89ecbc08a44a4e166c06659911881f383d4473e94f
11,williamwilson,rebecca31@example.org,ef92b778bafe771e89245b89ecbc08a44a4e166c06659911881f383d4473e94f
12,bhouston,davidsonmakayla@example.net,ef92b778bafe771e89245b89ecbc08a44a4e166c06659911881f383d4473e94f
13,tyler49,kennethball@example.org,ef92b778bafe771e89245b89ecbc08a44a4e166c06659911881f383d4473e94f
14,uestrada,sparksnicholas@example.com,ef92b778bafe771e89245b89ecbc08a44a4e166c06659911881f383d4473e94f
15,sbenjamin,sheath@example.com,ef92b778bafe771e89245b89ecbc08a44a4e166c06659911881f383d4473e94f
16,kenneth34,qmiller@example.org,ef92b778bafe771e89245b89ecbc08a44a4e166c06659911881f383d4473e94f
17,sanderschristie,xhenderson@example.com,ef92b778bafe771e89245b89ecbc08a44a4e166c06659911881f383d4473e94f
18,ashleyaguirre,whiteluke@example.net,ef92b778bafe771e89245b89ecbc08a44a4e166c06659911881f383d4473e94f
19,kathryn49,snyderashley@example.com,ef92b778bafe771e89245b89ecbc08a44a4e166c06659911881f383d4473e94f
20,griffinluis,susan01@example.org,ef92b778bafe771e89245b89ecbc08a44a4e166c06659911881f383d4473e94f
21,schultzmargaret,jennifer11@example.net,ef92b778bafe771e89245b89ecbc08a44a4e166c06659911881f383d4473e94f
22,ramseyscott,vbrooks@example.org,ef92b778bafe771e89245b89ecbc08a44a4e166c06659911881f383d4473e94f
23,lawsoneric,blang@example.com,ef92b778bafe771e89245b89ecbc08a44a4e166c06659911881f383d4473e94f
24,watsonedward,elizabeth48@example.net,ef92b778bafe771e89245b89ecbc08a44a4e166c06659911881f383d4473e94f
25,bpeterson,waltercherry@example.com,ef92b778bafe771e89245b89ecbc08a44a4e166c06659911881f383d4473e94f
26,xdavis,jmorris@example.com,ef92b778bafe771e89245b89ecbc08a44a4e166c06659911881f383d4473e94f
27,youngkelly,nicholaswright@example.net,ef92b778bafe771e89245b89ecbc08a44a4e166c06659911881f383d4473e94f
28,romankevin,jordan82@example.net,ef92b778bafe771e89245b89ecbc08a44a4e166c06659911881f383d4473e94f
29,qthomas,calvin58@example.net,ef92b778bafe771e89245b89ecbc08a44a4e166c06659911881f383d4473e94f
30,rogerskimberly,amanda62@example.net,ef92b778bafe771e89245b89ecbc08a44a4e166c06659911881f383d4473e94f
31,stevenbennett,youngjennifer@example.net,ef92b778bafe771e89245b89ecbc08a44a4e166c06659911881f383d4473e94f
32,cortezbenjamin,lauren50@example.org,ef92b778bafe771e89245b89ecbc08a44a4e166c06659911881f383d4473e94f
33,gduncan,philiplewis@example.org,ef92b778bafe771e89245b89ecbc08a44a4e166c06659911881f383d4473e94f
34,fmendez,baxtermichelle@example.com,ef92b778bafe771e89245b89ecbc08a44a4e166c06659911881f383d4473e94f
35,jbaker,hcurtis@example.com,ef92b778bafe771e89245b89ecbc08a44a4e166c06659911881f383d4473e94f
36,uwhite,swhite@example.net,ef92b778bafe771e89245b89ecbc08a44a4e166c06659911881f383d4473e94f
37,cynthia04,douglas70@example.net,ef92b778bafe771e89245b89ecbc08a44a4e166c06659911881f383d4473e94f
38,anneodom,cordovamatthew@example.org,ef92b778bafe771e89245b89ecbc08a44a4e166c06659911881f383d4473e94f
39,noah64,jessica84@example.com,ef92b778bafe771e89245b89ecbc08a44a4e166c06659911881f383d4473e94f
40,christine34,omoss@example.net,ef92b778bafe771e89245b89ecbc08a44a4e166c06659911881f383d4473e94f
41,lmonroe,ybrewer@example.com,ef92b778bafe771e89245b89ecbc08a44a4e166c06659911881f383d4473e94f
42,greilly,higginsbarbara@example.net,ef92b778bafe771e89245b89ecbc08a44a4e166c06659911881f383d4473e94f
43,audreysnyder,rachelbell@example.net,ef92b778bafe771e89245b89ecbc08a44a4e166c06659911881f383d4473e94f
44,morrowcarolyn,andrearichards@example.org,ef92b778bafe771e89245b89ecbc08a44a4e166c06659911881f383d4473e94f
45,daniel61,gaildillon@example.org,ef92b778bafe771e89245b89ecbc08a44a4e166c06659911881f383d4473e94f
46,gonzalestim,lydia52@example.net,ef92b778bafe771e89245b89ecbc08a44a4e166c06659911881f383d4473e94f
47,steven73,emily00@example.net,ef92b778bafe771e89245b89ecbc08a44a4e166c06659911881f383d4473e94f
48,william99,brett20@example.net,ef92b778bafe771e89245b89ecbc08a44a4e166c06659911881f383d4473e94f
49,bzimmerman,holmeskimberly@example.net,ef92b778bafe771e89245b89ecbc08a44a4e166c06659911881f383d4473e94f
50,derekphelps,lindsey16@example.net,ef92b778bafe771e89245b89ecbc08a44a4e166c06659911881f383d4473e94f
51,lperez,amckinney@example.org,ef92b778bafe771e89245b89ecbc08a44a4e166c06659911881f383d4473e94f
52,alexander47,gonzalesjessica@example.org,ef92b778bafe771e89245b89ecbc08a44a4e166c06659911881f383d4473e94f
53,lauriewilliams,marymiles@example.org,ef92b778bafe771e89245b89ecbc08a44a4e166c06659911881f383d4473e94f
54,jacobsonalexandra,steven88@example.net,ef92b778bafe771e89245b89ecbc08a44a4e166c06659911881f383d4473e94f
55,arose,hrussell@example.org,ef92b778bafe771e89245b89ecbc08a44a4e166c06659911881f383d4473e94f
56,blakegonzalez,ualvarado@example.net,ef92b778bafe771e89245b89ecbc08a44a4e166c06659911881f383d4473e94f
57,mlynch,hillzachary@example.net,ef92b778bafe771e89245b89ecbc08a44a4e166c06659911881f383d4473e94f
58,ashley96,usanchez@example.com,ef92b778bafe771e89245b89ecbc08a44a4e166c06659911881f383d4473e94f
59,alexissmith,tonytravis@example.net,ef92b778bafe771e89245b89ecbc08a44a4e166c06659911881f383d4473e94f
60,lallison,juliemyers@example.net,ef92b778bafe771e89245b89ecbc08a44a4e166c06659911881f383d4473e94f
61,johnsonrobert,ericward@example.com,ef92b778bafe771e89245b89ecbc08a44a4e166c06659911881f383d4473e94f
62,shannon38,frederick58@example.net,ef92b778bafe771e89245b89ecbc08a44a4e166c06659911881f383d4473e94f
63,karen05,lawrence67@example.com,ef92b778bafe771e89245b89ecbc08a44a4e166c06659911881f383d4473e94f
64,jessicareed,ashleybutler@example.com,ef92b778bafe771e89245b89ecbc08a44a4e166c06659911881f383d4473e94f
65,shull,michael85@example.com,ef92b778bafe771e89245b89ecbc08a44a4e166c06659911881f383d4473e94f
66,janice62,staceyshepherd@example.net,ef92b778bafe771e89245b89ecbc08a44a4e166c06659911881f383d4473e94f
67,robyn08,melissaboyle@example.com,ef92b778bafe771e89245b89ecbc08a44a4e166c06659911881f383d4473e94f
68,edwardselizabeth,qtodd@example.net,ef92b778bafe771e89245b89ecbc08a44a4e166c06659911881f383d4473e94f
69,tiffanysnyder,brownjuan@example.com,ef92b778bafe771e89245b89ecbc08a44a4e166c06659911881f383d4473e94f
70,christopher80,johntucker@example.org,ef92b778bafe771e89245b89ecbc08a44a4e166c06659911881f383d4473e94f
71,wfigueroa,whawkins@example.com,ef92b778bafe771e89245b89ecbc08a44a4e166c06659911881f383d4473e94f
72,austin67,gmaldonado@example.net,ef92b778bafe771e89245b89ecbc08a44a4e166c06659911881f383d4473e94f
73,dorismckinney,kellyschultz@example.com,ef92b778bafe771e89245b89ecbc08a44a4e166c06659911881f383d4473e94f
74,ngrimes,kstewart@example.net,ef92b778bafe771e89245b89ecbc08a44a4e166c06659911881f383d4473e94f
75,coryblack,tiffanybailey@example.org,ef92b778bafe771e89245b89ecbc08a44a4e166c06659911881f383d4473e94f
76,gregglee,joy77@example.com,ef92b778bafe771e89245b89ecbc08a44a4e166c06659911881f383d4473e94f
77,andrewmoore,jbaker@example.net,ef92b778bafe771e89245b89ecbc08a44a4e166c06659911881f383d4473e94f
78,mcdanielsandra,lisa76@example.com,ef92b778bafe771e89245b89ecbc08a44a4e166c06659911881f383d4473e94f
79,savannah47,lawrencearnold@example.org,ef92b778bafe771e89245b89ecbc08a44a4e166c06659911881f383d4473e94f
80,khicks,waltersjeffrey@example.org,ef92b778bafe771e89245b89ecbc08a44a4e166c06659911881f383d4473e94f
